operacion,sede,codigo_libro,usuario_id,semanas
PRESTAMO,1,LIB019,U010,2
PRESTAMO,1,LIB002,U011,1
PRESTAMO,1,LIB003,U012,2
PRESTAMO,1,LIB004,U013,2
PRESTAMO,1,LIB005,U014,1
PRESTAMO,1,LIB006,U015,2
PRESTAMO,1,LIB007,U016,1
PRESTAMO,1,LIB008,U017,2
PRESTAMO,1,LIB009,U018,2
PRESTAMO,1,LIB010,U019,1
DEVOLUCION,1,LIB003,U012,
DEVOLUCION,1,LIB005,U014,
DEVOLUCION,1,LIB007,U016,
DEVOLUCION,1,LIB009,U018,
DEVOLUCION,1,LIB001,U010,
RENOVACION,1,LIB002,U011,1
RENOVACION,1,LIB004,U013,1
RENOVACION,1,LIB006,U015,1
RENOVACION,1,LIB008,U017,1
RENOVACION,1,LIB010,U019,1