operacion,sede,codigo_libro,usuario_id,semanas
PRESTAMO,2,LIB201,U210,2
PRESTAMO,2,LIB202,U211,1
PRESTAMO,2,LIB203,U212,2
PRESTAMO,2,LIB204,U213,2
PRESTAMO,2,LIB205,U214,1
PRESTAMO,2,LIB206,U215,2
PRESTAMO,2,LIB207,U216,1
PRESTAMO,2,LIB208,U217,2
PRESTAMO,2,LIB209,U218,2
PRESTAMO,2,LIB210,U219,1
DEVOLUCION,2,LIB203,U212,
DEVOLUCION,2,LIB205,U214,
DEVOLUCION,2,LIB207,U216,
DEVOLUCION,2,LIB209,U218,
DEVOLUCION,2,LIB201,U210,
RENOVACION,2,LIB202,U211,1
RENOVACION,2,LIB204,U213,1
RENOVACION,2,LIB206,U215,1
RENOVACION,2,LIB208,U217,1
RENOVACION,2,LIB210,U219,1